{
  "kmeans_vs_target_match_rate": 0.1716171617161716,
  "agg_vs_target_match_rate": 0.3069306930693069
}